<?xml version="1.0" encoding="utf-8"?>
<!DOCTYPE hibernate-configuration PUBLIC
        "-//Hibernate/Hibernate Configuration DTD 3.0//EN"
        "http://www.hibernate.org/dtd/hibernate-configuration-3.0.dtd">

<hibernate-configuration>
    <session-factory>
        <!-- Database connection settings -->
        <property name="connection.driver_class">com.mysql.cj.jdbc.Driver</property>
        <property name="connection.url">jdbc:mysql://localhost:3306/mycw</property>
        <property name="connection.username">mycw</property>
        <property name="connection.password">@Lireza30284478</property>

        <!-- SQL dialect -->
        <property name="dialect">org.hibernate.dialect.MySQL5Dialect</property>

        <!-- Validate the database schema on startup -->
        <property name="hbm2ddl.auto">update</property>

        <!-- Names the annotated entity class -->

        <mapping class="serverDataBase.models.Answer"/>
        <mapping class="serverDataBase.models.Chat"/>
        <mapping class="serverDataBase.models.Course"/>
        <mapping class="serverDataBase.models.Department"/>
        <mapping class="serverDataBase.models.EducationalContext"/>
        <mapping class="serverDataBase.models.Exercise"/>
        <mapping class="serverDataBase.models.Master"/>
        <mapping class="serverDataBase.models.Message"/>
        <mapping class="serverDataBase.models.Score"/>
        <mapping class="serverDataBase.models.Student"/>
        <mapping class="serverDataBase.models.UniRequest"/>
        <mapping class="serverDataBase.models.User"/>

    </session-factory>
</hibernate-configuration>