{"canLogin":true,"userType":"STUDENT","userId":"1212313155","passWord":"-1861353340","userFullName":"keyvan Shamsi","userImage":"1212313155.jpg","UserDepartmentId":"1111","lastLoginTime":"2022-04-29 23:39:19","userPhoneNumber":"","userEmail":"","userNationalNumber":"1212313155","studentSentRequestsList":[],"studentCoursesList":["10000","10001"],"studentSupervisorId":"null","studentEntryYear":"2020","studentState":"ALLOWED_TO_REGISTER","studentshipNumber":"1212313155","studentAllowedToRegister":false,"studentRegistrationTime":"null","masterCoursesList":[],"masteryNumber":"null","masterRoomNumber":"null","masterReceivedRequests":[]}