{"canLogin":true,"userType":"MASTER","userId":"1234765429","passWord":"-1861353340","userFullName":"Alireza Astane","userImage":"1234765429.jpg","UserDepartmentId":"4444","lastLoginTime":"18-04-2022 20:59:07","userPhoneNumber":"981234765429","userEmail":"AlirezaAstaneemail.com","userNationalNumber":"1234765429","studentSentRequestsList":[],"studentCoursesList":[],"studentSupervisorId":"null","studentEntryYear":"null","studentshipNumber":"null","studentAllowedToRegister":false,"studentRegistrationTime":"null","masterType":"BOSS","masterGrade":"PROFESSOR","masterCoursesList":["40001"],"masteryNumber":"1234765429","masterRoomNumber":"1234765429","masterReceivedRequests":[]}