{"canLogin":true,"userType":"STUDENT","userId":"1236712355","passWord":"-1861353340","userFullName":"Ali Gholaami","userImage":"1236712355.jpg","UserDepartmentId":"4444","lastLoginTime":"2022-04-26 02:49:56","userPhoneNumber":"1236712355","userEmail":"AliGholaamiemail.com","userNationalNumber":"1236712355","studentType":"PHD","studentSentRequestsList":[],"studentCoursesList":["40001"],"studentSupervisorId":"null","studentEntryYear":"2020","studentshipNumber":"1236712355","studentAllowedToRegister":false,"studentRegistrationTime":"null","masterCoursesList":[],"masteryNumber":"null","masterRoomNumber":"null","masterReceivedRequests":[]}