{"canLogin":true,"userType":"ASSISTANT","userId":"1238764526","passWord":"-1861353340","userFullName":"Zahra Ebrahimi","userImage":"1238764526.jpg","UserDepartmentId":"5555","lastLoginTime":"2022-04-29 00:29:34","userPhoneNumber":"981238764526","userEmail":"ZahraEbrahimiemail.com","userNationalNumber":"1238764526","studentSentRequestsList":[],"studentCoursesList":[],"studentSupervisorId":"null","studentEntryYear":"null","studentshipNumber":"null","studentAllowedToRegister":false,"studentRegistrationTime":"null","masterType":"ASSISTANT","masterGrade":"PROFESSOR","masterCoursesList":["50000"],"masteryNumber":"1238764526","masterRoomNumber":"1238764526","masterReceivedRequests":[]}