{"canLogin":true,"userType":"ASSISTANT","userId":"1245872307","passWord":"-1861353340","userFullName":"Ali RezaKhaani","userImage":"1245872307.jpg","UserDepartmentId":"2222","lastLoginTime":"18-04-2022 20:59:07","userPhoneNumber":"981245872307","userEmail":"AliRezaKhaaniemail.com","userNationalNumber":"1245872307","studentSentRequestsList":[],"studentCoursesList":[],"studentSupervisorId":"null","studentEntryYear":"null","studentshipNumber":"null","studentAllowedToRegister":false,"studentRegistrationTime":"null","masterType":"ASSISTANT","masterGrade":"PROFESSOR","masterCoursesList":["20000"],"masteryNumber":"1245872307","masterRoomNumber":"1245872307","masterReceivedRequests":[]}