{"canLogin":true,"userType":"MASTER","userId":"1348756731","passWord":"-1861353340","userFullName":"Saman Moghimi","userImage":"1348756731.jpg","UserDepartmentId":"1111","lastLoginTime":"18-04-2022 20:59:07","userPhoneNumber":"981348756731","userEmail":"SamanMoghimiemail.com","userNationalNumber":"1348756731","studentSentRequestsList":[],"studentCoursesList":[],"studentSupervisorId":"null","studentEntryYear":"null","studentshipNumber":"null","studentAllowedToRegister":false,"studentRegistrationTime":"null","masterType":"NORMAL","masterGrade":"PROFESSOR","masterCoursesList":[],"masteryNumber":"1348756731","masterRoomNumber":"1348756731","masterReceivedRequests":[]}