{"canLogin":true,"userType":"ASSISTANT","userId":"1349856892","passWord":"-1861353340","userFullName":"Elham Davoodi","userImage":"1349856892.jpg","UserDepartmentId":"1111","lastLoginTime":"18-04-2022 20:59:07","userPhoneNumber":"981349856892","userEmail":"ElhamDavoodiemail.com","userNationalNumber":"1349856892","studentSentRequestsList":[],"studentCoursesList":[],"studentSupervisorId":"null","studentEntryYear":"null","studentshipNumber":"null","studentAllowedToRegister":false,"studentRegistrationTime":"null","masterType":"ASSISTANT","masterGrade":"PROFESSOR","masterCoursesList":["10000"],"masteryNumber":"1349856892","masterRoomNumber":"1349856892","masterReceivedRequests":[]}