{"canLogin":true,"userType":"ASSISTANT","userId":"1456983579","passWord":"-1861353340","userFullName":"Ali Ekramian","userImage":"1456983579.jpg","UserDepartmentId":"4444","lastLoginTime":"18-04-2022 20:59:07","userPhoneNumber":"981456983579","userEmail":"AliEkramianemail.com","userNationalNumber":"1456983579","studentSentRequestsList":[],"studentCoursesList":[],"studentSupervisorId":"null","studentEntryYear":"null","studentshipNumber":"null","studentAllowedToRegister":false,"studentRegistrationTime":"null","masterType":"ASSISTANT","masterGrade":"PROFESSOR","masterCoursesList":["40000"],"masteryNumber":"1456983579","masterRoomNumber":"1456983579","masterReceivedRequests":[]}