{"canLogin":true,"userType":"MASTER","userId":"1948375930","passWord":"-1861353340","userFullName":"Sara Arab","userImage":"1948375930.jpg","UserDepartmentId":"5555","lastLoginTime":"18-04-2022 20:59:07","userPhoneNumber":"981948375930","userEmail":"SaraArabemail.com","userNationalNumber":"1948375930","studentSentRequestsList":[],"studentCoursesList":[],"studentSupervisorId":"null","studentEntryYear":"null","studentshipNumber":"null","studentAllowedToRegister":false,"studentRegistrationTime":"null","masterType":"NORMAL","masterGrade":"PROFESSOR","masterCoursesList":[],"masteryNumber":"1948375930","masterRoomNumber":"1948375930","masterReceivedRequests":[]}