{"canLogin":true,"userType":"MASTER","userId":"1958375849","passWord":"-1861353340","userFullName":"Reza Keyvanfar","userImage":"1958375849.jpg","UserDepartmentId":"2222","lastLoginTime":"18-04-2022 20:59:07","userPhoneNumber":"981958375849","userEmail":"RezaKeyvanfaremail.com","userNationalNumber":"1958375849","studentSentRequestsList":[],"studentCoursesList":[],"studentSupervisorId":"null","studentEntryYear":"null","studentshipNumber":"null","studentAllowedToRegister":false,"studentRegistrationTime":"null","masterType":"BOSS","masterGrade":"PROFESSOR","masterCoursesList":["20001"],"masteryNumber":"1958375849","masterRoomNumber":"1958375849","masterReceivedRequests":[]}