{"canLogin":true,"userType":"ASSISTANT","userId":"2348732850","passWord":"-1861353340","userFullName":"Sohrab Rahvar","userImage":"2348732850.jpg","UserDepartmentId":"3333","lastLoginTime":"18-04-2022 20:59:07","userPhoneNumber":"982348732850","userEmail":"SohrabRahvaremail.com","userNationalNumber":"2348732850","studentSentRequestsList":[],"studentCoursesList":[],"studentSupervisorId":"null","studentEntryYear":"null","studentshipNumber":"null","studentAllowedToRegister":false,"studentRegistrationTime":"null","masterType":"ASSISTANT","masterGrade":"PROFESSOR","masterCoursesList":["30000"],"masteryNumber":"2348732850","masterRoomNumber":"2348732850","masterReceivedRequests":[]}