{"canLogin":true,"userType":"MASTER","userId":"2459845432","passWord":"-1861353340","userFullName":"Yousef Jafari","userImage":"2459845432.jpg","UserDepartmentId":"3333","lastLoginTime":"18-04-2022 20:59:07","userPhoneNumber":"982459845432","userEmail":"YousefJafariemail.com","userNationalNumber":"2459845432","studentSentRequestsList":[],"studentCoursesList":[],"studentSupervisorId":"null","studentEntryYear":"null","studentshipNumber":"null","studentAllowedToRegister":false,"studentRegistrationTime":"null","masterType":"BOSS","masterGrade":"PROFESSOR","masterCoursesList":["30001"],"masteryNumber":"2459845432","masterRoomNumber":"2459845432","masterReceivedRequests":[]}