{"canLogin":true,"userType":"STUDENT","userId":"3213214567","passWord":"-1861353340","userFullName":"Khaled Azizi","userImage":"3213214567.jpg","UserDepartmentId":"2222","lastLoginTime":"2022-04-26 02:49:56","userPhoneNumber":"3213214567","userEmail":"KhaledAziziemail.com","userNationalNumber":"3213214567","studentType":"MASTERY","studentSentRequestsList":[],"studentCoursesList":["20001"],"studentSupervisorId":"null","studentEntryYear":"2020","studentshipNumber":"3213214567","studentAllowedToRegister":false,"studentRegistrationTime":"null","masterCoursesList":[],"masteryNumber":"null","masterRoomNumber":"null","masterReceivedRequests":[]}