{"canLogin":true,"userType":"STUDENT","userId":"3939391234","passWord":"-1861353340","userFullName":"Mahdi Astane","userImage":"3939391234.jpg","UserDepartmentId":"4444","lastLoginTime":"2022-04-26 02:49:56","userPhoneNumber":"3939391234","userEmail":"MahdiAstaneemail.com","userNationalNumber":"3939391234","studentType":"MASTERY","studentSentRequestsList":[],"studentCoursesList":["40000"],"studentSupervisorId":"null","studentEntryYear":"2020","studentshipNumber":"3939391234","studentAllowedToRegister":false,"studentRegistrationTime":"null","masterCoursesList":[],"masteryNumber":"null","masterRoomNumber":"null","masterReceivedRequests":[]}