{"canLogin":true,"userType":"STUDENT","userId":"5454789123","passWord":"-1861353340","userFullName":"Ali Zare","userImage":"5454789123.jpg","UserDepartmentId":"5555","lastLoginTime":"2022-04-26 02:49:56","userPhoneNumber":"5454789123","userEmail":"AliZareemail.com","userNationalNumber":"5454789123","studentType":"PHD","studentSentRequestsList":[],"studentCoursesList":["50000","50001"],"studentSupervisorId":"null","studentEntryYear":"2020","studentshipNumber":"5454789123","studentAllowedToRegister":false,"studentRegistrationTime":"null","masterCoursesList":[],"masteryNumber":"null","masterRoomNumber":"null","masterReceivedRequests":[]}