{"canLogin":true,"userType":"STUDENT","userId":"6464132012","passWord":"-1861353340","userFullName":"Zahra Moraadi","userImage":"6464132012.jpg","UserDepartmentId":"2222","lastLoginTime":"2022-04-26 02:49:56","userPhoneNumber":"6464132012","userEmail":"ZahraMoraadiemail.com","userNationalNumber":"6464132012","studentType":"UNDERGRADUATE","studentSentRequestsList":[],"studentCoursesList":["20000"],"studentSupervisorId":"null","studentEntryYear":"2020","studentshipNumber":"6464132012","studentAllowedToRegister":false,"studentRegistrationTime":"null","masterCoursesList":[],"masteryNumber":"null","masterRoomNumber":"null","masterReceivedRequests":[]}