{"canLogin":true,"userType":"MASTER","userId":"8765432121","passWord":"-1861353340","userFullName":"Mahdi Ghorayshi","userImage":"8765432121.jpg","UserDepartmentId":"1111","lastLoginTime":"18-04-2022 20:59:07","userPhoneNumber":"988765432121","userEmail":"MahdiGhorayshiemail.com","userNationalNumber":"8765432121","studentSentRequestsList":[],"studentCoursesList":[],"studentSupervisorId":"null","studentEntryYear":"null","studentshipNumber":"null","studentAllowedToRegister":false,"studentRegistrationTime":"null","masterType":"BOSS","masterGrade":"PROFESSOR","masterCoursesList":["10001"],"masteryNumber":"8765432121","masterRoomNumber":"8765432121","masterReceivedRequests":[]}