{"canLogin":true,"userType":"MASTER","userId":"9284765924","passWord":"-1861353340","userFullName":"Ali Maahaani","userImage":"9284765924.jpg","UserDepartmentId":"5555","userPhoneNumber":"989284765924","userEmail":"AliMaahaaniemail.com","userNationalNumber":"9284765924","studentSentRequestsList":[],"studentCoursesList":[],"studentSupervisorId":"null","studentEntryYear":"null","studentshipNumber":"null","studentAllowedToRegister":false,"studentRegistrationTime":"null","masterType":"BOSS","masterGrade":"PROFESSOR","masterCoursesList":["50001"],"masteryNumber":"9284765924","masterRoomNumber":"9284765924","masterReceivedRequests":[]}